ablation_dimension,pipeline,mean_top1_ev,mean_top1_tier_ord,mean_ndcg3_ev,mean_ndcg3_tier,mean_mrr,n_queries,mean_top1_tier_label
combined,Standard,3.1621621621621623,2.4594594594594597,0.8116845020571051,0.5423209546691325,0.29144144144144146,37,Q3
combined,TWR,2.4864864864864864,1.5135135135135136,0.8250188757038245,0.7014511035075138,0.5540540540540541,37,Q3
evidence_level,Standard,3.466666666666667,1.8444444444444446,0.7684158285160924,0.6171063060350672,0.3137037037037037,45,Q3
evidence_level,TWR,2.3555555555555556,0.6666666666666666,0.7854621271367552,0.803556485864919,0.6559259259259259,45,Q2
journal_tier,Standard,3.6444444444444444,2.8,0.780647675317553,0.5262284612200255,0.23333333333333334,45,Q4
journal_tier,TWR,2.3333333333333335,0.9555555555555556,0.831474992199383,0.775944808232003,0.6192592592592593,45,Q2
recency,Standard,3.477272727272727,1.5454545454545454,0.7649412442189635,0.6336151893320745,0.3875,44,Q3
recency,TWR,2.5,0.8636363636363636,0.8097783116518315,0.7620454428376267,0.6162878787878788,44,Q2
