ablation_dimension,pipeline,mean_top1_ev,mean_top1_tier_ord,mean_ndcg3_ev,mean_ndcg3_tier,mean_mrr,n_queries,mean_top1_tier_label
combined,Standard,3.361111111111111,2.4722222222222223,0.7362229746828024,0.6226989710052822,0.33055555555555555,36,Q3
combined,TWR,2.0833333333333335,0.9722222222222222,0.8494493524905811,0.7963876295676326,0.6944444444444444,36,Q2
evidence_level,Standard,3.3777777777777778,1.7333333333333334,0.7426713810987807,0.6499387672366937,0.3537037037037037,45,Q3
evidence_level,TWR,2.3333333333333335,0.7111111111111111,0.7952016983613758,0.7877236540296906,0.6903703703703704,45,Q2
journal_tier,Standard,3.3777777777777778,2.2,0.7603207027169498,0.5500287325265082,0.28629629629629627,45,Q3
journal_tier,TWR,2.1555555555555554,0.9555555555555556,0.8478187664491919,0.7640930578306286,0.6877777777777777,45,Q2
recency,Standard,3.4,1.5555555555555556,0.7524557376238797,0.652573995833957,0.3585185185185185,45,Q3
recency,TWR,2.6,0.9333333333333333,0.8300872332610707,0.7968827154329947,0.6218518518518519,45,Q2
