ablation_dimension,pipeline,mean_top1_ev,mean_top1_tier_ord,mean_ndcg3_ev,mean_ndcg3_tier,mean_mrr,n_queries,mean_top1_tier_label
combined,Standard,3.1621621621621623,2.4594594594594597,0.8116845020571051,0.5423209546691325,0.29144144144144146,37,Q3
combined,TWR,2.4864864864864864,1.5135135135135136,0.8267073483898273,0.701292387657848,0.5540540540540541,37,Q3
evidence_level,Standard,3.466666666666667,1.8444444444444446,0.7684158285160924,0.6171063060350672,0.3137037037037037,45,Q3
evidence_level,TWR,2.422222222222222,0.7555555555555555,0.7852633185504173,0.7985561012703013,0.6411111111111112,45,Q2
journal_tier,Standard,3.6444444444444444,2.8,0.780647675317553,0.5262284612200255,0.23333333333333334,45,Q4
journal_tier,TWR,2.3333333333333335,1.0,0.822315633543327,0.7714314551556539,0.6081481481481481,45,Q2
recency,Standard,3.477272727272727,1.5454545454545454,0.7649412442189635,0.6336151893320745,0.3875,44,Q3
recency,TWR,2.590909090909091,0.9318181818181818,0.8070078894653807,0.7589092561898257,0.6049242424242425,44,Q2
