ablation_dimension,pipeline,mean_top1_ev,mean_top1_tier_ord,mean_ndcg3_ev,mean_ndcg3_tier,mean_mrr,n_queries,mean_top1_tier_label
combined,Standard,3.361111111111111,2.4722222222222223,0.7362229746828024,0.6226989710052822,0.33055555555555555,36,Q3
combined,TWR,1.5,0.4444444444444444,0.9349883343277275,0.9175752197766067,0.8611111111111112,36,Q1
evidence_level,Standard,3.3777777777777778,1.7333333333333334,0.7426713810987807,0.6499387672366937,0.3537037037037037,45,Q3
evidence_level,TWR,1.5333333333333334,0.35555555555555557,0.9394995115083873,0.8994380061568817,0.8555555555555555,45,Q1
journal_tier,Standard,3.3777777777777778,2.2,0.7603207027169498,0.5500287325265082,0.28629629629629627,45,Q3
journal_tier,TWR,1.511111111111111,0.4222222222222222,0.9526991967031402,0.8859550856276649,0.862962962962963,45,Q1
recency,Standard,3.4,1.5555555555555556,0.7524557376238797,0.652573995833957,0.3585185185185185,45,Q3
recency,TWR,1.6888888888888889,0.4222222222222222,0.9198201139637512,0.888196787531909,0.8055555555555556,45,Q1
