ablation_dimension,pipeline,mean_top1_ev,mean_top1_tier_ord,mean_ndcg3_ev,mean_ndcg3_tier,mean_mrr,n_queries,mean_top1_tier_label
adversarial,Standard,2.5555555555555554,2.2222222222222223,0.8200328420683552,0.5974163445331097,0.36518518518518517,45,Q3
adversarial,TFR,1.288888888888889,0.2,0.9561961518788686,0.9417650675303952,0.9074074074074074,45,Q1
evidence_level,Standard,2.022222222222222,1.7333333333333334,0.8693817266600661,0.6198836712639998,0.5737037037037037,45,Q3
evidence_level,TFR,1.1777777777777778,0.044444444444444446,0.956425047610499,0.972485026353769,0.951851851851852,45,Q1
journal_tier,Standard,1.9777777777777779,2.7555555555555555,0.8828665837617403,0.4810001759366669,0.42407407407407405,45,Q4
journal_tier,TFR,1.2,0.17777777777777778,0.9596783972053758,0.9436277091086457,0.9444444444444444,45,Q1
multi_factor,Standard,1.4,2.1777777777777776,0.9122872353164153,0.5641543515560683,0.6111111111111112,45,Q3
multi_factor,TFR,1.0666666666666667,0.044444444444444446,0.9808415086681644,0.985599089878157,0.9888888888888889,45,Q1
