ablation_dimension,pipeline,mean_top1_ev,mean_top1_tier_ord,mean_ndcg3_ev,mean_ndcg3_tier,mean_mrr,n_queries,mean_top1_tier_label
combined,Standard,3.25,2.0,0.7232560640100872,0.6415878764300634,0.3851851851851852,36,Q3
combined,TFR,1.4166666666666667,0.2222222222222222,0.9558304728394421,0.8998798646256227,0.875,36,Q1
evidence_level,Standard,3.4,1.6222222222222222,0.7449512810223856,0.6596381084148911,0.3562962962962963,45,Q3
evidence_level,TFR,1.5555555555555556,0.3333333333333333,0.9401854994697393,0.9033684239438691,0.8666666666666667,45,Q1
journal_tier,Standard,3.311111111111111,2.2,0.7535134566075191,0.5522524110529646,0.3011111111111111,45,Q3
journal_tier,TFR,1.511111111111111,0.4444444444444444,0.951369831139408,0.8800930481117937,0.862962962962963,45,Q1
recency,Standard,3.2888888888888888,1.6,0.8205463682759584,0.6482810549849053,0.33296296296296296,45,Q3
recency,TFR,1.8,0.4222222222222222,0.9172328161235896,0.8864558341400002,0.8074074074074075,45,Q1
