ablation_dimension,pipeline,mean_top1_ev,mean_top1_tier_ord,mean_ndcg3_ev,mean_ndcg3_tier,mean_mrr,n_queries,mean_top1_tier_label
adversarial,Standard,4.363636363636363,2.8181818181818183,0.9170930648520876,0.5091428238149625,0.0,11,Q4
adversarial,TFR,3.6363636363636362,1.7272727272727273,0.9171669524482359,0.6786061537997958,0.09090909090909091,11,Q3
evidence_level,Standard,3.727272727272727,2.1818181818181817,0.956219572648187,0.4849204969580292,0.2727272727272727,11,Q3
evidence_level,TFR,1.6363636363636365,1.1818181818181819,0.9694373405125549,0.7927120894711366,0.7272727272727273,11,Q2
journal_tier,Standard,4.761904761904762,1.4285714285714286,0.9388382559092047,0.698174799466288,0.06349206349206349,21,Q2
journal_tier,TFR,4.285714285714286,0.5714285714285714,0.9409197169795476,0.888811034552344,0.09523809523809523,21,Q2
multi_factor,Standard,5.0,2.5714285714285716,0.8267691591358027,0.5251120482920103,0.10714285714285714,7,Q4
multi_factor,TFR,3.7142857142857144,0.5714285714285714,0.9543722938228859,0.9258216125658788,0.2857142857142857,7,Q2
